id,area_ha,volume_m3,max_depth_m,x_utm,y_utm
374,424.4,7416332,5.7,243580,2565912
16620,329.4,7128420,13.98,247931,2550828
2477,508.8,5827853,4.67,234531,2564306
13949,350.6,5143409,4.96,256592,2553395
10213,497.8,4665917,8.04,239820,2556576
3546,196.6,4399733,2.83,260454,2561831
6445,293.9,3664562,5.33,255702,2561058
7826,310.1,3388249,6.25,262779,2559605
2433,247.6,2879951,9.25,250999,2564952
28525,330.8,2782195,2.84,261768,2542052
24394,185.2,2681654,10.53,261650,2545532
39035,265.0,2310453,8.75,271961,2532775
18311,261.3,2292074,10.81,263655,2550026
6383,305.7,2134505,0.74,234296,2561314
26823,80.8,2122817,2.93,252774,2544175
33955,141.4,1856578,3.89,263213,2537788
908,186.3,1854242,3.27,250939,2566529
19822,146.3,1684181,6.79,261584,2549247
28677,29.9,1529767,16.49,258898,2542644
8839,199.9,1457622,4.45,236786,2558262
24546,34.6,1408804,4.92,254136,2546242
16583,60.1,1219659,6.88,254042,2552200
23458,122.8,1216366,3.77,230953,2545995
10298,18.4,1213783,13.89,241301,2558052
10198,145.1,1191304,3.98,270899,2557618
3454,83.0,1165010,10.67,248689,2564640
7394,201.4,1132683,2.56,232561,2560476
25542,35.8,1109273,8.61,243950,2545104
21692,16.4,1095100,9.17,257388,2548481
2220,68.9,992571,5.11,269901,2564463
25544,53.0,922321,6.09,245070,2545058
3869,106.6,886833,7.99,245132,2563763
31485,46.7,877163,4.72,258052,2539778
20803,75.3,862505,4.77,254850,2548295
4134,58.3,861432,5.07,231766,2563658
25677,63.7,850196,11.36,243026,2544882
30734,95.2,792751,3.46,268638,2540541
7444,47.7,757438,4.27,241618,2560684
5191,80.6,742246,4.22,242399,2562636
33758,17.9,728100,7.01,251289,2538502
