place,osm_type,lon,lat,elev_glo30,dep_depth_glo30,dep_area_ha_glo30,hand_glo30,elev_fabdem,dep_depth_fabdem,dep_area_ha_fabdem,hand_fabdem
Bopal,lake,72.4588,23.0386,40.5,6.71,13.4,0.0,40.5,5.62,10.8,0.0
Ghuma,suburb,72.4506,23.0295,46.0,0.0,,2.4,44.3,0.0,,1.0
Shela,lake,72.4427,23.0108,39.0,2.94,4.0,0.7,39.0,2.72,3.2,0.0
Vejalpur,suburb,72.5208,23.0069,51.4,0.0,,3.3,45.9,0.0,,6.1
Sarkhej,town,72.5007,22.9835,47.5,0.0,,7.7,43.6,0.0,,4.5
Makarba,suburb,72.5043,22.9963,44.6,0.0,,1.0,42.7,0.0,,1.6
Jodhpur,suburb,72.5204,23.0169,51.9,0.0,,3.7,46.3,0.0,,1.4
Bodakdev,suburb,72.5173,23.0446,62.1,0.0,,12.2,59.3,0.0,,11.2
Thaltej,suburb,72.5117,23.0485,55.7,0.0,,5.1,52.7,0.0,,2.4
Gota,suburb,72.5408,23.101,55.0,0.34,50.7,0.0,54.3,0.0,,0.3
Vasna,suburb,72.5472,23.002,45.5,0.25,2.2,1.4,43.3,0.0,,2.5
Paldi,suburb,72.5635,23.0146,50.0,0.0,,9.5,46.7,0.0,,0.8
Maninagar,railway,72.6114,22.9987,50.4,0.24,6.4,0.0,48.4,0.03,,2.7
Naroda,railway,72.6581,23.0854,62.7,0.0,,3.0,60.5,0.0,,4.6
Kalupur,railway,72.601,23.0263,53.2,0.0,,0.1,49.9,0.0,,0.6
Asarwa,suburb,72.6088,23.0472,54.7,0.0,,1.6,50.7,0.0,,0.1
