rid,reported_as,kind,osm_query,precision,time_ist,source_file,source_url,note,near,match,osm_id,lon,lat,method,flag,review
R001,Hanumanpura BRTS,brts_station,Hanumanpura,point,2026-07-23 11:50,deshgujarat_2026-07-23_15-locations.html,https://deshgujarat.com/2026/07/23/waterlogging-reported-at-these-15-locations-across-ahmedabad/,AMC list: waterlogging at BRTS station,,,,,,,unmatched,
R002,Juna Vadaj BRTS,brts_station,Juna Vadaj,point,2026-07-23 11:50,deshgujarat_2026-07-23_15-locations.html,https://deshgujarat.com/2026/07/23/waterlogging-reported-at-these-15-locations-across-ahmedabad/,AMC list: waterlogging at BRTS station,,JUNA VADAJ,node/4585304002,72.56203,23.06701,osm name+kind,,
R003,Manekbaug BRTS,brts_station,Manekbaug,point,2026-07-23 11:50,deshgujarat_2026-07-23_15-locations.html,https://deshgujarat.com/2026/07/23/waterlogging-reported-at-these-15-locations-across-ahmedabad/,AMC list: waterlogging at BRTS station,,"Manekbaug Cross Roads, 100 Ft. Road, Ambawadi, SabarmatiTaluka, Ahmedabad, Gujar",way/1006406670,72.54427,23.01743,nominatim,,accept: Manekbaug Cross Roads: the BRTS station is at this junction
R004,Karnavati Club BRTS,brts_station,Karnavati Club,point,2026-07-23 11:50,deshgujarat_2026-07-23_15-locations.html,https://deshgujarat.com/2026/07/23/waterlogging-reported-at-these-15-locations-across-ahmedabad/,AMC list: waterlogging at BRTS station,,"Karnavati Club, NH147, Makarba, Sarkhej, Vejalpur Taluka, Ahmedabad, Gujarat, 38",way/331652565,72.50341,23.01976,nominatim,,"accept: Karnavati Club, Makarba: the named club; the BRTS stop is at its gate on SG Highway"
R005,Swaminarayan College BRTS,brts_station,Swaminarayan College,point,2026-07-23 11:50,deshgujarat_2026-07-23_15-locations.html,https://deshgujarat.com/2026/07/23/waterlogging-reported-at-these-15-locations-across-ahmedabad/,AMC list: waterlogging at BRTS station,,Amarkunj /Swaminarayan College,node/2265953636,72.58701,23.00139,osm name+kind,,
R006,Chhipa Society BRTS,brts_station,Chhipa,point,2026-07-23 11:50,deshgujarat_2026-07-23_15-locations.html,https://deshgujarat.com/2026/07/23/waterlogging-reported-at-these-15-locations-across-ahmedabad/,AMC list: waterlogging at BRTS station,,Chhipa Society,node/13324639936,72.58167,22.99155,osm name+kind,,
R007,Mukesh Industrial BRTS,brts_station,Mukesh,point,2026-07-23 11:50,deshgujarat_2026-07-23_15-locations.html,https://deshgujarat.com/2026/07/23/waterlogging-reported-at-these-15-locations-across-ahmedabad/,AMC list: waterlogging at BRTS station,,Mukesh Industries,node/13324639931,72.59531,22.97401,osm name+kind,,
R008,Science City Approach BRTS,brts_station,Science City,street,2026-07-23 11:50,deshgujarat_2026-07-23_15-locations.html,https://deshgujarat.com/2026/07/23/waterlogging-reported-at-these-15-locations-across-ahmedabad/,AMC list: waterlogging at BRTS station,,"Science City, science city road, Bhagvat, Bhadaj, Ghatlodiya Taluka, Ahmedabad, ",way/530525406,72.4948,23.07785,nominatim,,degrade:street: matched Science City itself; the stop is on its approach road
R009,Arvind Mill BRTS,brts_station,Arvind Mill,point,2026-07-23 11:50,deshgujarat_2026-07-23_15-locations.html,https://deshgujarat.com/2026/07/23/waterlogging-reported-at-these-15-locations-across-ahmedabad/,AMC list: waterlogging at BRTS station,,,,,,,unmatched,
R010,Memnagar BRTS to Jaimangaldas BRTS,brts_corridor,Memnagar,street,2026-07-23 11:50,deshgujarat_2026-07-23_15-locations.html,https://deshgujarat.com/2026/07/23/waterlogging-reported-at-these-15-locations-across-ahmedabad/,corridor; matched at the Memnagar end,,Memnagar,node/3415672553,72.54245,23.04555,osm name+kind,,
R011,Sarkhej Circle,junction,Sarkhej Circle,point,2026-07-23 11:50,deshgujarat_2026-07-23_15-locations.html,https://deshgujarat.com/2026/07/23/waterlogging-reported-at-these-15-locations-across-ahmedabad/,,,,,,,,unmatched,
R012,Parshwanath Jain Mandir Service Road,road,Parshwanath,street,2026-07-23 11:50,deshgujarat_2026-07-23_15-locations.html,https://deshgujarat.com/2026/07/23/waterlogging-reported-at-these-15-locations-across-ahmedabad/,exact location unclear,,Janta Nagar (Parshwanath Nagar),node/611572696,72.58564,23.10713,osm name+kind,ambiguous: 3 OSM candidates up to 4.1 km apart: Janta Nagar (Parshwanath Nagar); Parshwanath Atlantis Park; Parshwanath Divine,
R013,Akhbarnagar Underpass,underpass,Akhbarnagar Underpass,point,2026-07-23 11:00,deshgujarat_2026-07-23_underpasses-shut.html,https://deshgujarat.com/2026/07/23/several-underpasses-shut-in-ahmedabad/,closed to traffic for waterlogging,,Akhbarnagar Underpass,way/168141529,72.55961,23.06642,osm name+kind,,
R014,Makarba Underpass,underpass,Makarba,locality,2026-07-23 11:00,deshgujarat_2026-07-23_underpasses-shut.html,https://deshgujarat.com/2026/07/23/several-underpasses-shut-in-ahmedabad/,closed to traffic for waterlogging,Makarba,,,72.50431,22.99634,source locality,degraded to locality: point not found,
R015,Parimal Underpass,underpass,Parimal Underpass,point,2026-07-23 11:00,deshgujarat_2026-07-23_underpasses-shut.html,https://deshgujarat.com/2026/07/23/several-underpasses-shut-in-ahmedabad/,closed to traffic for waterlogging,,Parimal Underpass,way/167468130,72.55823,23.01696,osm name+kind,,
R016,Shahibaug Underpass,underpass,Shahibaug,point,2026-07-23 11:00,deshgujarat_2026-07-23_underpasses-shut.html,https://deshgujarat.com/2026/07/23/several-underpasses-shut-in-ahmedabad/,closed to traffic for waterlogging,,,,,,,unmatched,
R017,Mithakhali Underpass,underpass,Mithakhali,point,2026-07-23 11:00,deshgujarat_2026-07-23_underpasses-shut.html,https://deshgujarat.com/2026/07/23/several-underpasses-shut-in-ahmedabad/,closed to traffic for waterlogging,,"Mithakhali Six Roads Circle / Cross Roads, Gulbai tekra, Navrangpura, SabarmatiT",way/166955834,72.56416,23.03118,nominatim,,accept: Mithakhali six roads: the underpass is at this junction
R018,Jalaram Underpass,underpass,Jalaram,point,2026-07-23 11:00,deshgujarat_2026-07-23_underpasses-shut.html,https://deshgujarat.com/2026/07/23/several-underpasses-shut-in-ahmedabad/,closed to traffic for waterlogging,,"Jalaram Mandir, Paldi Underpass, Ambawadi, Navrangpura, SabarmatiTaluka, Ahmedab",node/440015515,72.56177,23.01803,nominatim,,accept: Jalaram Mandir by Paldi underpass: named feature of the underpass
R019,Nirnaynagar Underpass,underpass,Nirnay,street,2026-07-23 11:00,deshgujarat_2026-07-23_underpasses-shut.html,https://deshgujarat.com/2026/07/23/several-underpasses-shut-in-ahmedabad/,closed to traffic for waterlogging,,"Vardan Eye Hospital, Ahmedabad, Gota Road Underpass, Nirnay Nagar, Ghatlodiya Ta",node/6973933665,72.55904,23.07285,nominatim,,degrade:street: match is a hospital near a Gota Road underpass; which underpass is uncertain
R020,Usmanpura Underpass,underpass,Usmanpura,point,2026-07-23 20:33,gujaratsamachar_2026-07-23_live-updates.html,https://english.gujaratsamachar.com/news/ahmedabad/ahmedabads-life-comes-to-a-standstill-as-torrential-rains-pound-city-sarkhej-records-highest-rainfall-81165287700,closed to traffic for waterlogging,,Usmanpura Underpass,way/178823720,72.56464,23.04706,osm name+kind,,
R021,Kubernagar Underpass,underpass,Kubernagar,point,2026-07-23,gujaratsamachar_2026-07-23_live-updates.html,https://english.gujaratsamachar.com/news/ahmedabad/ahmedabads-life-comes-to-a-standstill-as-torrential-rains-pound-city-sarkhej-records-highest-rainfall-81165287700,closed to traffic for waterlogging,,,,,,,unmatched,
R022,"Daxini Underpass, Maninagar",underpass,Dakshini,locality,2026-07-23 20:15,gujaratsamachar_2026-07-23_live-updates.html,https://english.gujaratsamachar.com/news/ahmedabad/ahmedabads-life-comes-to-a-standstill-as-torrential-rains-pound-city-sarkhej-records-highest-rainfall-81165287700,closed to traffic for waterlogging,Maninagar,,,72.6114,22.99866,source locality,degraded to locality: point not found,
R023,Kaligaam underpass,underpass,Kali,point,2026-07-23 21:20,gujaratsamachar_2026-07-23_live-updates.html,https://english.gujaratsamachar.com/news/ahmedabad/ahmedabads-life-comes-to-a-standstill-as-torrential-rains-pound-city-sarkhej-records-highest-rainfall-81165287700,closed to traffic for waterlogging,,,,,,nominatim,unmatched (match rejected in review),reject: matched Kali Cultural Garden: wrong feature type
R024,LC-20 Vastrapur,underpass,Vastrapur,locality,2026-07-23,gujaratsamachar_2026-07-23_live-updates.html,https://english.gujaratsamachar.com/news/ahmedabad/ahmedabads-life-comes-to-a-standstill-as-torrential-rains-pound-city-sarkhej-records-highest-rainfall-81165287700,closed to traffic for waterlogging,Vastrapur,,,72.52904,23.04009,source locality,degraded to locality: point not found,
R025,LC-22 Vejalpur,underpass,Vejalpur,locality,2026-07-23 21:25,gujaratsamachar_2026-07-23_live-updates.html,https://english.gujaratsamachar.com/news/ahmedabad/ahmedabads-life-comes-to-a-standstill-as-torrential-rains-pound-city-sarkhej-records-highest-rainfall-81165287700,closed to traffic for waterlogging,Vejalpur,,,72.52084,23.00694,source locality,degraded to locality: point not found,
R026,LC 1C Chandkheda,underpass,Chandkheda,locality,2026-07-23 21:06,gujaratsamachar_2026-07-23_live-updates.html,https://english.gujaratsamachar.com/news/ahmedabad/ahmedabads-life-comes-to-a-standstill-as-torrential-rains-pound-city-sarkhej-records-highest-rainfall-81165287700,closed to traffic for waterlogging,Chandkheda,,,72.58112,23.11006,source locality,degraded to locality: point not found,
R027,LC 03 Chandkheda,underpass,Chandkheda,locality,2026-07-23 20:00,gujaratsamachar_2026-07-23_live-updates.html,https://english.gujaratsamachar.com/news/ahmedabad/ahmedabads-life-comes-to-a-standstill-as-torrential-rains-pound-city-sarkhej-records-highest-rainfall-81165287700,closed to traffic for waterlogging,Chandkheda,,,72.58112,23.11006,source locality,degraded to locality: point not found,
R028,GST Ranip underpass,underpass,GST,point,2026-07-23 21:40,gujaratsamachar_2026-07-23_live-updates.html,https://english.gujaratsamachar.com/news/ahmedabad/ahmedabads-life-comes-to-a-standstill-as-torrential-rains-pound-city-sarkhej-records-highest-rainfall-81165287700,closed to traffic for waterlogging,Ranip,"GST Crossing 1 (AMTS), CHANDLODIA STATION ROAD, Ranip, SabarmatiTaluka, Ahmedaba",node/2211705413,72.5661,23.08448,nominatim,,accept: GST Crossing 1: the rail crossing the underpass replaced
R029,Bopal Gam BRTS,brts_station,Bopal Gam,point,2026-07-23,gujaratsamachar_amc-waterlogging-spots.html,https://english.gujaratsamachar.com/news/ahmedabad/ahmedabad-deluged-over-8-inches-of-rain-exposes-amcs-multi-crore-pre-monsoon-claims-as-posh-belts-submerge-73506814338,BRTS operations suspended: water on platforms,,Bopal gam,node/8153542476,72.46409,23.03401,osm name+kind,,
R030,Little Wing BRTS,brts_station,Little Wing,point,2026-07-23,gujaratsamachar_amc-waterlogging-spots.html,https://english.gujaratsamachar.com/news/ahmedabad/ahmedabad-deluged-over-8-inches-of-rain-exposes-amcs-multi-crore-pre-monsoon-claims-as-posh-belts-submerge-73506814338,BRTS operations suspended: water on platforms,,Little Wings BRTS stop,node/5711617727,72.45961,23.03208,osm name+kind,,
R031,Ghuma Gam BRTS,brts_station,Ghuma,point,2026-07-23,gujaratsamachar_amc-waterlogging-spots.html,https://english.gujaratsamachar.com/news/ahmedabad/ahmedabad-deluged-over-8-inches-of-rain-exposes-amcs-multi-crore-pre-monsoon-claims-as-posh-belts-submerge-73506814338,BRTS operations suspended: water on platforms,,Ghuma BRTS terminal,node/5711622445,72.45008,23.03339,osm name+kind,,
R032,Chitavan to SoBo Center BRTS,brts_station,SoBo,point,2026-07-23,gujaratsamachar_amc-waterlogging-spots.html,https://english.gujaratsamachar.com/news/ahmedabad/ahmedabad-deluged-over-8-inches-of-rain-exposes-amcs-multi-crore-pre-monsoon-claims-as-posh-belts-submerge-73506814338,BRTS operations suspended: water on platforms,South Bopal,"Sobo Centre, Sanand Taluka, Ahmedabad, Gujarat, India",way/478644005,72.47514,23.01735,nominatim,,"accept: Sobo Centre, South Bopal: named endpoint of the reported stretch"
R033,Odhav Fire Station BRTS,brts_station,Odhav Fire,point,2026-07-23,gujaratsamachar_amc-waterlogging-spots.html,https://english.gujaratsamachar.com/news/ahmedabad/ahmedabad-deluged-over-8-inches-of-rain-exposes-amcs-multi-crore-pre-monsoon-claims-as-posh-belts-submerge-73506814338,BRTS operations suspended: water on platforms,,,,,,,unmatched,
R034,Chhotalal ni Chali BRTS,brts_station,Chhotalal,point,2026-07-23,gujaratsamachar_amc-waterlogging-spots.html,https://english.gujaratsamachar.com/news/ahmedabad/ahmedabad-deluged-over-8-inches-of-rain-exposes-amcs-multi-crore-pre-monsoon-claims-as-posh-belts-submerge-73506814338,BRTS operations suspended: water on platforms,,,,,,nominatim,unmatched (match rejected in review),reject: matched a Vasna park whose name contains Chhotalal: wrong feature
R035,Soma Textile BRTS,brts_station,Soma Textile,point,2026-07-23,gujaratsamachar_amc-waterlogging-spots.html,https://english.gujaratsamachar.com/news/ahmedabad/ahmedabad-deluged-over-8-inches-of-rain-exposes-amcs-multi-crore-pre-monsoon-claims-as-posh-belts-submerge-73506814338,BRTS operations suspended: water on platforms,,,,,,,unmatched,
R036,"Sterling City, Bopal",residential,Sterling City,point,2026-07-23,gujaratsamachar_amc-waterlogging-spots.html,https://english.gujaratsamachar.com/news/ahmedabad/ahmedabad-deluged-over-8-inches-of-rain-exposes-amcs-multi-crore-pre-monsoon-claims-as-posh-belts-submerge-73506814338,worst-affected residential zone,Bopal,"Sterling City, Bopal-Ghuma road, South Bopal, Ghuma, Sanand Taluka, Ahmedabad, G",node/8153545458,72.46915,23.03232,nominatim,,"accept: Sterling City, South Bopal: the named complex"
R037,"Housing near F.D. School, Juhapura",residential,F.D.,point,2026-07-23,gujaratsamachar_amc-waterlogging-spots.html,https://english.gujaratsamachar.com/news/ahmedabad/ahmedabad-deluged-over-8-inches-of-rain-exposes-amcs-multi-crore-pre-monsoon-claims-as-posh-belts-submerge-73506814338,,Juhapura,,,,,nominatim,unmatched (match rejected in review),reject: matched Titanium City Center office block: unrelated to F.D. School
R038,"School campus, Makarba (40 children rescued)",incident,Makarba,locality,2026-07-23,gujaratsamachar_amc-waterlogging-spots.html,https://english.gujaratsamachar.com/news/ahmedabad/ahmedabad-deluged-over-8-inches-of-rain-exposes-amcs-multi-crore-pre-monsoon-claims-as-posh-belts-submerge-73506814338,school not named,Makarba,"Makarba, Sarkhej, Vejalpur Taluka, Ahmedabad, Gujarat, 380051, India",node/4485383290,72.50431,22.99634,nominatim,,
R039,Tekri area by Gota crematorium (3 boys rescued),incident,Gota crematorium,locality,2026-07-23,gujaratsamachar_amc-waterlogging-spots.html,https://english.gujaratsamachar.com/news/ahmedabad/ahmedabad-deluged-over-8-inches-of-rain-exposes-amcs-multi-crore-pre-monsoon-claims-as-posh-belts-submerge-73506814338,,Gota,,,72.54084,23.101,source locality,degraded to locality: point not found,
R040,"Khodiyar temple lake wall, Bopal (water swept 3 cars)",incident,Khodiyar,locality,2026-07-23,gujaratsamachar_amc-waterlogging-spots.html,https://english.gujaratsamachar.com/news/ahmedabad/ahmedabad-deluged-over-8-inches-of-rain-exposes-amcs-multi-crore-pre-monsoon-claims-as-posh-belts-submerge-73506814338,,Bopal,,,72.45878,23.03858,source locality,degraded to locality: point not found,
R041,"AEC Bridge (deep water, gridlock)",road,AEC,point,2026-07-23,gujaratsamachar_amc-waterlogging-spots.html,https://english.gujaratsamachar.com/news/ahmedabad/ahmedabad-deluged-over-8-inches-of-rain-exposes-amcs-multi-crore-pre-monsoon-claims-as-posh-belts-submerge-73506814338,,,AEC,node/12196641362,72.59329,23.07511,osm name+kind,,accept: OSM place 'AEC' at the AEC crossing; the bridge report names it
R042,"Palladium Mall bridge, SG Road (buses stalled)",road,Palladium Mall,point,2026-07-23,gujaratsamachar_2026-07-23_live-updates.html,https://english.gujaratsamachar.com/news/ahmedabad/ahmedabads-life-comes-to-a-standstill-as-torrential-rains-pound-city-sarkhej-records-highest-rainfall-81165287700,,,Palladium Mall,node/11300307469,72.52088,23.05812,osm name+kind,,
R043,"Bakery City, Vejalpur (school bus stranded)",incident,Bakery City,locality,2026-07-23,gujaratsamachar_2026-07-23_live-updates.html,https://english.gujaratsamachar.com/news/ahmedabad/ahmedabads-life-comes-to-a-standstill-as-torrential-rains-pound-city-sarkhej-records-highest-rainfall-81165287700,,Vejalpur,,,72.52084,23.00694,source locality,degraded to locality: point not found,
R044,"Harivilla Flats, Gota",residential,Harivilla,locality,2026-07-23,deshgujarat_2026-07-23_43-societies.html,https://deshgujarat.com/2026/07/23/43-housing-societies-66-areas-are-waterlogged-in-ahmedabad-due-to-heavy-rain/,AMC list of societies reporting waterlogging,Gota,,,72.54084,23.101,source locality,degraded to locality: point not found,
R045,"Someshwar Complex, Chandlodia",residential,Someshwar,locality,2026-07-23,deshgujarat_2026-07-23_43-societies.html,https://deshgujarat.com/2026/07/23/43-housing-societies-66-areas-are-waterlogged-in-ahmedabad-due-to-heavy-rain/,AMC list of societies reporting waterlogging,Chandlodia,,,72.55208,23.08365,source locality,degraded to locality: point not found,
R046,Ashok Bungalow near Vaishno Devi Circle,residential,Vaishno Devi,point,2026-07-23,deshgujarat_2026-07-23_43-societies.html,https://deshgujarat.com/2026/07/23/43-housing-societies-66-areas-are-waterlogged-in-ahmedabad-due-to-heavy-rain/,AMC list of societies reporting waterlogging,,,,,,,unmatched,
R047,"Sursagar Flats, Rajwadi Estate, Juhapura",residential,Sursagar,locality,2026-07-23,deshgujarat_2026-07-23_43-societies.html,https://deshgujarat.com/2026/07/23/43-housing-societies-66-areas-are-waterlogged-in-ahmedabad-due-to-heavy-rain/,AMC list of societies reporting waterlogging,Juhapura,,,72.5285,23.00408,source locality,degraded to locality: point not found,
R048,Bopal,locality,Bopal,locality,2026-07-23,gujaratsamachar_amc-waterlogging-spots.html,https://english.gujaratsamachar.com/news/ahmedabad/ahmedabad-deluged-over-8-inches-of-rain-exposes-amcs-multi-crore-pre-monsoon-claims-as-posh-belts-submerge-73506814338,listed as submerged,,"Bopal Lake, Ghuma, Sanand Taluka, Ahmedabad, Gujarat, India",way/366778319,72.45878,23.03858,nominatim,,
R049,Shela,locality,Shela,locality,2026-07-23,gujaratsamachar_amc-waterlogging-spots.html,https://english.gujaratsamachar.com/news/ahmedabad/ahmedabad-deluged-over-8-inches-of-rain-exposes-amcs-multi-crore-pre-monsoon-claims-as-posh-belts-submerge-73506814338,listed as submerged,,"Shela Lake, Ghuma, Sanand Taluka, Ahmedabad, Gujarat, India",way/986297013,72.44271,23.01082,nominatim,,
R050,Sarkhej,locality,Sarkhej,locality,2026-07-23,gujaratsamachar_amc-waterlogging-spots.html,https://english.gujaratsamachar.com/news/ahmedabad/ahmedabad-deluged-over-8-inches-of-rain-exposes-amcs-multi-crore-pre-monsoon-claims-as-posh-belts-submerge-73506814338,listed as submerged,,"Sarkhej, Vejalpur Taluka, Ahmedabad, Gujarat, 380051, India",node/1545721827,72.50072,22.98348,nominatim,,
R051,Vejalpur,locality,Vejalpur,locality,2026-07-23,gujaratsamachar_amc-waterlogging-spots.html,https://english.gujaratsamachar.com/news/ahmedabad/ahmedabad-deluged-over-8-inches-of-rain-exposes-amcs-multi-crore-pre-monsoon-claims-as-posh-belts-submerge-73506814338,listed as submerged,,"vejalpur, Sarkhej, Vejalpur Taluka, Ahmedabad, Gujarat, 380051, India",node/4485345489,72.52084,23.00694,nominatim,,
R052,Jodhpur,locality,Jodhpur,locality,2026-07-23,gujaratsamachar_amc-waterlogging-spots.html,https://english.gujaratsamachar.com/news/ahmedabad/ahmedabad-deluged-over-8-inches-of-rain-exposes-amcs-multi-crore-pre-monsoon-claims-as-posh-belts-submerge-73506814338,listed as submerged,,"Jodhpur, Sarkhej, Vejalpur Taluka, Ahmedabad, Gujarat, 380015, India",node/3415707455,72.52043,23.01693,nominatim,,
R053,SG Highway,locality,SG Highway,locality,2026-07-23,gujaratsamachar_amc-waterlogging-spots.html,https://english.gujaratsamachar.com/news/ahmedabad/ahmedabad-deluged-over-8-inches-of-rain-exposes-amcs-multi-crore-pre-monsoon-claims-as-posh-belts-submerge-73506814338,listed as submerged,,"SG Highway, Bhagvat, ઓગણજ, Ghatlodiya Taluka, Ahmedabad, Gujarat, 380081, India",way/1329386573,72.53357,23.10487,nominatim,,
R054,Prahladnagar,locality,Prahladnagar,locality,2026-07-23,gujaratsamachar_amc-waterlogging-spots.html,https://english.gujaratsamachar.com/news/ahmedabad/ahmedabad-deluged-over-8-inches-of-rain-exposes-amcs-multi-crore-pre-monsoon-claims-as-posh-belts-submerge-73506814338,listed as submerged,,"Prahladnagar, Sarkhej, Vejalpur Taluka, Ahmedabad, Gujarat, 380051, India",node/4486451843,72.50929,23.01145,nominatim,,
R055,Vastrapur,locality,Vastrapur,locality,2026-07-23,gujaratsamachar_amc-waterlogging-spots.html,https://english.gujaratsamachar.com/news/ahmedabad/ahmedabad-deluged-over-8-inches-of-rain-exposes-amcs-multi-crore-pre-monsoon-claims-as-posh-belts-submerge-73506814338,listed as submerged,,"Vastrapur, Vejalpur Taluka, Ahmedabad, Gujarat, 380054, India",node/3415668799,72.52904,23.04009,nominatim,,
R056,Naranpura,locality,Naranpura,locality,2026-07-23,gujaratsamachar_amc-waterlogging-spots.html,https://english.gujaratsamachar.com/news/ahmedabad/ahmedabad-deluged-over-8-inches-of-rain-exposes-amcs-multi-crore-pre-monsoon-claims-as-posh-belts-submerge-73506814338,listed as submerged,,"Naranpura, SabarmatiTaluka, Ahmedabad, Gujarat, 380063, India",node/4486388479,72.55086,23.05671,nominatim,,
R057,Paldi,locality,Paldi,locality,2026-07-23,gujaratsamachar_amc-waterlogging-spots.html,https://english.gujaratsamachar.com/news/ahmedabad/ahmedabad-deluged-over-8-inches-of-rain-exposes-amcs-multi-crore-pre-monsoon-claims-as-posh-belts-submerge-73506814338,listed as submerged,,"Paldi, SabarmatiTaluka, Ahmedabad, Gujarat, 380007, India",node/1559491365,72.56354,23.01455,nominatim,,
R058,Nikol,locality,Nikol,locality,2026-07-23,gujaratsamachar_amc-waterlogging-spots.html,https://english.gujaratsamachar.com/news/ahmedabad/ahmedabad-deluged-over-8-inches-of-rain-exposes-amcs-multi-crore-pre-monsoon-claims-as-posh-belts-submerge-73506814338,knee-deep waterlogging on roads,,"Madhuvan Green Party Plot ,Nikol, Nava Naroda, Asarva Taluka, Ahmedabad, Gujarat",way/451513556,72.67187,23.05893,nominatim,,
R059,Ramol,locality,Ramol,locality,2026-07-23,gujaratsamachar_amc-waterlogging-spots.html,https://english.gujaratsamachar.com/news/ahmedabad/ahmedabad-deluged-over-8-inches-of-rain-exposes-amcs-multi-crore-pre-monsoon-claims-as-posh-belts-submerge-73506814338,knee-deep waterlogging on roads,,"Jantanagar -Ramol, Maninagar Taluka, Ahmedabad, Gujarat, 380026, India",node/4486834935,72.63033,23.00802,nominatim,,
R060,Vastral,locality,Vastral,locality,2026-07-23,gujaratsamachar_amc-waterlogging-spots.html,https://english.gujaratsamachar.com/news/ahmedabad/ahmedabad-deluged-over-8-inches-of-rain-exposes-amcs-multi-crore-pre-monsoon-claims-as-posh-belts-submerge-73506814338,knee-deep waterlogging on roads,,"Vastral, Vatva Taluka, Ahmedabad, Gujarat, 382433, India",node/4488607993,72.66244,22.99487,nominatim,,
R061,Maninagar,locality,Maninagar,locality,2026-07-23,gujaratsamachar_amc-waterlogging-spots.html,https://english.gujaratsamachar.com/news/ahmedabad/ahmedabad-deluged-over-8-inches-of-rain-exposes-amcs-multi-crore-pre-monsoon-claims-as-posh-belts-submerge-73506814338,knee-deep waterlogging on roads,,"Maninagar, Lala Lajpat Rai Marg, Uttamnagar, Maninagar, Maninagar Taluka, Ahmeda",node/323120091,72.6114,22.99866,nominatim,,
R062,CTM,locality,CTM,locality,2026-07-23,gujaratsamachar_amc-waterlogging-spots.html,https://english.gujaratsamachar.com/news/ahmedabad/ahmedabad-deluged-over-8-inches-of-rain-exposes-amcs-multi-crore-pre-monsoon-claims-as-posh-belts-submerge-73506814338,knee-deep waterlogging on roads,,"CTM Flyover 2, Rabari Colony, Maninagar Taluka, Ahmedabad, Gujarat, 380026, Indi",way/1201410161,72.62927,22.99516,nominatim,,
R063,Isanpur,locality,Isanpur,locality,2026-07-23,gujaratsamachar_amc-waterlogging-spots.html,https://english.gujaratsamachar.com/news/ahmedabad/ahmedabad-deluged-over-8-inches-of-rain-exposes-amcs-multi-crore-pre-monsoon-claims-as-posh-belts-submerge-73506814338,knee-deep waterlogging on roads,,"Isanpur, Maninagar Taluka, Ahmedabad, Gujarat, 382443, India",node/4486828735,72.60129,22.98113,nominatim,,
R064,Naroda,locality,Naroda,locality,2026-07-23,gujaratsamachar_amc-waterlogging-spots.html,https://english.gujaratsamachar.com/news/ahmedabad/ahmedabad-deluged-over-8-inches-of-rain-exposes-amcs-multi-crore-pre-monsoon-claims-as-posh-belts-submerge-73506814338,knee-deep waterlogging on roads,,"Naroda, Satguru Swami Teoonramji Maharaj Flyover, Naroda GIDC, Naroda, Asarva Ta",node/322770856,72.65809,23.08541,nominatim,,
R065,Dastan,locality,Dastan,locality,2026-07-23,gujaratsamachar_amc-waterlogging-spots.html,https://english.gujaratsamachar.com/news/ahmedabad/ahmedabad-deluged-over-8-inches-of-rain-exposes-amcs-multi-crore-pre-monsoon-claims-as-posh-belts-submerge-73506814338,knee-deep waterlogging on roads,,,,,,,unmatched,
R066,Bopal-Ghuma-Shela belt,locality,Ghuma,locality,2026-07-25,deshgujarat_2026-07-25_societies-cleared.html,https://deshgujarat.com/2026/07/25/rainwater-cleared-from-107-of-126-waterlogged-societies-in-ahmedabad-amc/,AMC: among worst affected,,"Ghuma, Sanand Taluka, Ahmedabad, Gujarat, 380058, India",node/4486679705,72.4506,23.02951,nominatim,,
R067,Thaltej,local_account,Thaltej,locality,2026-07-23,,,author's local account; unscored until a published source is found,,,,,,,unscored: no published source yet,
R068,Naranpura,local_account,Naranpura,locality,2026-07-23,,,author's local account; unscored until a published source is found,,,,,,,unscored: no published source yet,
R069,Areas under metro stations,local_account,Areas under metro stations,locality,2026-07-23,,,author's local account; unscored until a published source is found,,,,,,,unscored: no published source yet,
R070,Bopal side,local_account,Bopal side,locality,2026-07-23,,,author's local account; unscored until a published source is found,,,,,,,unscored: no published source yet,
