date,pass_utc,lat,lon,rain_6h_mm,rain_24h_mm,rain_48h_mm,rain_72h_mm,hours_since_rain_ge1mm
2026-07-01,2026-07-01 01:09,22.75,72.25,0.0,0.0,0.0,0.0,
2026-07-01,2026-07-01 01:09,22.75,72.5,0.1,0.1,0.1,0.1,
2026-07-01,2026-07-01 01:09,22.75,72.75,0.1,0.1,0.1,0.1,
2026-07-01,2026-07-01 01:09,23.0,72.25,0.0,0.0,0.0,0.0,
2026-07-01,2026-07-01 01:09,23.0,72.5,0.0,0.0,0.0,0.0,
2026-07-01,2026-07-01 01:09,23.0,72.75,0.3,0.3,0.3,0.3,
2026-07-01,2026-07-01 01:09,23.25,72.25,0.0,0.1,0.1,0.1,
2026-07-01,2026-07-01 01:09,23.25,72.5,0.0,0.0,0.0,0.0,
2026-07-01,2026-07-01 01:09,23.25,72.75,0.0,0.0,0.0,0.0,
2026-07-13,2026-07-13 01:09,22.75,72.25,0.0,0.0,0.2,0.4,120.2
2026-07-13,2026-07-13 01:09,22.75,72.5,0.0,0.0,0.3,0.4,118.2
2026-07-13,2026-07-13 01:09,22.75,72.75,0.0,0.1,0.5,0.7,118.2
2026-07-13,2026-07-13 01:09,23.0,72.25,0.0,0.0,0.2,0.5,121.2
2026-07-13,2026-07-13 01:09,23.0,72.5,0.0,0.0,0.3,0.7,120.2
2026-07-13,2026-07-13 01:09,23.0,72.75,0.0,0.1,0.5,0.8,119.2
2026-07-13,2026-07-13 01:09,23.25,72.25,0.0,0.0,0.2,0.4,125.2
2026-07-13,2026-07-13 01:09,23.25,72.5,0.0,0.1,0.4,0.8,121.2
2026-07-13,2026-07-13 01:09,23.25,72.75,0.0,0.1,0.5,1.0,121.2
2026-07-25,2026-07-25 01:09,22.75,72.25,11.3,42.9,139.4,147.8,0.2
2026-07-25,2026-07-25 01:09,22.75,72.5,10.8,35.1,144.0,154.7,0.2
2026-07-25,2026-07-25 01:09,22.75,72.75,7.5,26.7,132.8,142.7,0.2
2026-07-25,2026-07-25 01:09,23.0,72.25,10.9,59.8,146.9,156.6,0.2
2026-07-25,2026-07-25 01:09,23.0,72.5,10.4,45.0,120.4,132.1,0.2
2026-07-25,2026-07-25 01:09,23.0,72.75,8.3,35.3,105.2,121.0,0.2
2026-07-25,2026-07-25 01:09,23.25,72.25,9.8,82.1,141.7,154.5,0.2
2026-07-25,2026-07-25 01:09,23.25,72.5,10.8,65.8,111.0,125.8,0.2
2026-07-25,2026-07-25 01:09,23.25,72.75,16.1,60.9,101.7,117.5,0.2
2026-08-06,2026-08-06 01:09,22.75,72.25,0.0,0.6,1.0,1.7,105.2
2026-08-06,2026-08-06 01:09,22.75,72.5,0.0,0.5,0.8,1.6,86.2
2026-08-06,2026-08-06 01:09,22.75,72.75,0.0,0.8,1.2,2.2,85.2
2026-08-06,2026-08-06 01:09,23.0,72.25,0.0,0.7,1.1,1.9,101.2
2026-08-06,2026-08-06 01:09,23.0,72.5,0.0,0.6,1.2,2.2,85.2
2026-08-06,2026-08-06 01:09,23.0,72.75,0.0,0.8,1.3,2.6,103.2
2026-08-06,2026-08-06 01:09,23.25,72.25,0.0,0.7,1.1,2.3,96.2
2026-08-06,2026-08-06 01:09,23.25,72.5,0.0,0.7,1.3,2.7,102.2
2026-08-06,2026-08-06 01:09,23.25,72.75,0.0,0.9,1.6,3.1,103.2
