place,imaged_share,observable_share,open_water_share_of_observable,builtup_share,builtup_brightened_share,builtup_median_change_db,open_median_change_db
Bopal,1.0,0.3,0.015,0.49,0.326,2.14,2.13
Ghuma,1.0,0.34,0.003,0.39,0.308,2.07,2.17
Shela,1.0,0.6,0.028,0.11,0.419,2.58,1.49
Vejalpur,0.49,0.07,0.03,0.89,0.255,1.82,1.59
Sarkhej,1.0,0.26,0.037,0.65,0.368,2.28,1.82
Makarba,0.99,0.23,0.029,0.62,0.332,2.14,1.72
Jodhpur,0.59,0.03,0.0,0.88,0.204,1.58,2.15
Bodakdev,0.92,0.09,0.019,0.77,0.203,1.6,2.04
Thaltej,1.0,0.13,0.007,0.7,0.214,1.61,2.02
Gota,0.48,0.41,0.006,0.49,0.248,1.66,1.59
