period_start_ist,period_end_ist,kind,name,value_reported,unit_reported,mm,source_file,source_url,note
2026-07-23 06:00,2026-07-23 18:00,station,Bakrol,11.2,in,284.5,deshgujarat_2026-07-23_11-inches.html,https://deshgujarat.com/2026/07/23/ahmedabad-city-records-over-11-inches-of-rain-in-12-hours-area-wise-rainfall-data-here/,
2026-07-23 06:00,2026-07-23 18:00,station,Sarkhej,11.12,in,282.4,deshgujarat_2026-07-23_11-inches.html,https://deshgujarat.com/2026/07/23/ahmedabad-city-records-over-11-inches-of-rain-in-12-hours-area-wise-rainfall-data-here/,article text gives 9.17 in; table gives 11.12 in. Table value kept
2026-07-23 06:00,2026-07-23 18:00,station,Bopal,9.65,in,245.1,deshgujarat_2026-07-23_11-inches.html,https://deshgujarat.com/2026/07/23/ahmedabad-city-records-over-11-inches-of-rain-in-12-hours-area-wise-rainfall-data-here/,
2026-07-23 06:00,2026-07-23 18:00,station,Sarkhej UHC,9.49,in,241.0,deshgujarat_2026-07-23_11-inches.html,https://deshgujarat.com/2026/07/23/ahmedabad-city-records-over-11-inches-of-rain-in-12-hours-area-wise-rainfall-data-here/,
2026-07-23 06:00,2026-07-23 18:00,station,Jodhpur,9.17,in,232.9,deshgujarat_2026-07-23_11-inches.html,https://deshgujarat.com/2026/07/23/ahmedabad-city-records-over-11-inches-of-rain-in-12-hours-area-wise-rainfall-data-here/,
2026-07-23 06:00,2026-07-23 18:00,station,Jodhpur Zonal,8.92,in,226.6,deshgujarat_2026-07-23_11-inches.html,https://deshgujarat.com/2026/07/23/ahmedabad-city-records-over-11-inches-of-rain-in-12-hours-area-wise-rainfall-data-here/,
2026-07-23 06:00,2026-07-23 18:00,station,Maktampura,8.56,in,217.4,deshgujarat_2026-07-23_11-inches.html,https://deshgujarat.com/2026/07/23/ahmedabad-city-records-over-11-inches-of-rain-in-12-hours-area-wise-rainfall-data-here/,
2026-07-23 06:00,2026-07-23 18:00,station,Bodakdev,8.17,in,207.5,deshgujarat_2026-07-23_11-inches.html,https://deshgujarat.com/2026/07/23/ahmedabad-city-records-over-11-inches-of-rain-in-12-hours-area-wise-rainfall-data-here/,
2026-07-23 06:00,2026-07-23 18:00,station,Thaltej,7.68,in,195.1,deshgujarat_2026-07-23_11-inches.html,https://deshgujarat.com/2026/07/23/ahmedabad-city-records-over-11-inches-of-rain-in-12-hours-area-wise-rainfall-data-here/,
2026-07-23 06:00,2026-07-23 18:00,station,Science City,7.58,in,192.5,deshgujarat_2026-07-23_11-inches.html,https://deshgujarat.com/2026/07/23/ahmedabad-city-records-over-11-inches-of-rain-in-12-hours-area-wise-rainfall-data-here/,
2026-07-23 06:00,2026-07-23 18:00,station,Vasna,7.46,in,189.5,deshgujarat_2026-07-23_11-inches.html,https://deshgujarat.com/2026/07/23/ahmedabad-city-records-over-11-inches-of-rain-in-12-hours-area-wise-rainfall-data-here/,
2026-07-23 06:00,2026-07-23 18:00,station,Memnagar,7.3,in,185.4,deshgujarat_2026-07-23_11-inches.html,https://deshgujarat.com/2026/07/23/ahmedabad-city-records-over-11-inches-of-rain-in-12-hours-area-wise-rainfall-data-here/,
2026-07-23 06:00,2026-07-23 18:00,station,Navrangpura,6.2,in,157.5,deshgujarat_2026-07-23_11-inches.html,https://deshgujarat.com/2026/07/23/ahmedabad-city-records-over-11-inches-of-rain-in-12-hours-area-wise-rainfall-data-here/,
2026-07-23 06:00,2026-07-23 18:00,station,Gota,6.18,in,157.0,deshgujarat_2026-07-23_11-inches.html,https://deshgujarat.com/2026/07/23/ahmedabad-city-records-over-11-inches-of-rain-in-12-hours-area-wise-rainfall-data-here/,
2026-07-23 06:00,2026-07-23 18:00,station,Usmanpura,5.85,in,148.6,deshgujarat_2026-07-23_11-inches.html,https://deshgujarat.com/2026/07/23/ahmedabad-city-records-over-11-inches-of-rain-in-12-hours-area-wise-rainfall-data-here/,
2026-07-23 06:00,2026-07-23 18:00,station,Dudheshwar,5.83,in,148.1,deshgujarat_2026-07-23_11-inches.html,https://deshgujarat.com/2026/07/23/ahmedabad-city-records-over-11-inches-of-rain-in-12-hours-area-wise-rainfall-data-here/,
2026-07-23 06:00,2026-07-23 18:00,station,Paldi,5.73,in,145.5,deshgujarat_2026-07-23_11-inches.html,https://deshgujarat.com/2026/07/23/ahmedabad-city-records-over-11-inches-of-rain-in-12-hours-area-wise-rainfall-data-here/,
2026-07-23 06:00,2026-07-23 18:00,station,Lambha,5.69,in,144.5,deshgujarat_2026-07-23_11-inches.html,https://deshgujarat.com/2026/07/23/ahmedabad-city-records-over-11-inches-of-rain-in-12-hours-area-wise-rainfall-data-here/,
2026-07-23 06:00,2026-07-23 18:00,station,Chandlodia,5.61,in,142.5,deshgujarat_2026-07-23_11-inches.html,https://deshgujarat.com/2026/07/23/ahmedabad-city-records-over-11-inches-of-rain-in-12-hours-area-wise-rainfall-data-here/,
2026-07-23 06:00,2026-07-23 18:00,station,Ranip,5.49,in,139.4,deshgujarat_2026-07-23_11-inches.html,https://deshgujarat.com/2026/07/23/ahmedabad-city-records-over-11-inches-of-rain-in-12-hours-area-wise-rainfall-data-here/,
2026-07-23 06:00,2026-07-23 18:00,station,Ognaj,5.35,in,135.9,deshgujarat_2026-07-23_11-inches.html,https://deshgujarat.com/2026/07/23/ahmedabad-city-records-over-11-inches-of-rain-in-12-hours-area-wise-rainfall-data-here/,
2026-07-23 06:00,2026-07-23 18:00,station,Danapith,5.26,in,133.6,deshgujarat_2026-07-23_11-inches.html,https://deshgujarat.com/2026/07/23/ahmedabad-city-records-over-11-inches-of-rain-in-12-hours-area-wise-rainfall-data-here/,
2026-07-23 06:00,2026-07-23 18:00,station,Vatva,5.18,in,131.6,deshgujarat_2026-07-23_11-inches.html,https://deshgujarat.com/2026/07/23/ahmedabad-city-records-over-11-inches-of-rain-in-12-hours-area-wise-rainfall-data-here/,
2026-07-23 06:00,2026-07-23 18:00,station,Kalupur,4.98,in,126.5,deshgujarat_2026-07-23_11-inches.html,https://deshgujarat.com/2026/07/23/ahmedabad-city-records-over-11-inches-of-rain-in-12-hours-area-wise-rainfall-data-here/,
2026-07-23 06:00,2026-07-23 18:00,station,Motera,4.02,in,102.1,deshgujarat_2026-07-23_11-inches.html,https://deshgujarat.com/2026/07/23/ahmedabad-city-records-over-11-inches-of-rain-in-12-hours-area-wise-rainfall-data-here/,article text lists Motera among places 'over 5 inches'; table gives 4.02
2026-07-23 06:00,2026-07-23 18:00,city,AMC average,127.28,mm,127.28,deshgujarat_2026-07-23_11-inches.html,https://deshgujarat.com/2026/07/23/ahmedabad-city-records-over-11-inches-of-rain-in-12-hours-area-wise-rainfall-data-here/,reported as 127.28 mm (5.01 in)
2026-07-23 06:00,2026-07-23 16:00,station,Bopal,8.7,in,221.0,deshgujarat_2026-07-23_ward-wise.html,https://deshgujarat.com/2026/07/23/where-did-it-rain-in-ahmedabad-city-ward-wise-rainfall-data-here/,
2026-07-23 06:00,2026-07-23 16:00,station,Sarkhej,8.0,in,203.2,deshgujarat_2026-07-23_ward-wise.html,https://deshgujarat.com/2026/07/23/where-did-it-rain-in-ahmedabad-city-ward-wise-rainfall-data-here/,
2026-07-23 06:00,2026-07-23 16:00,zone,South West Zone,196.14,mm,196.14,deshgujarat_2026-07-23_ward-wise.html,https://deshgujarat.com/2026/07/23/where-did-it-rain-in-ahmedabad-city-ward-wise-rainfall-data-here/,to 4 pm only
2026-07-23 06:00,2026-07-23 16:00,zone,North West Zone,141.43,mm,141.43,deshgujarat_2026-07-23_ward-wise.html,https://deshgujarat.com/2026/07/23/where-did-it-rain-in-ahmedabad-city-ward-wise-rainfall-data-here/,to 4 pm only
2026-07-23 06:00,2026-07-23 16:00,zone,West Zone,109.5,mm,109.5,deshgujarat_2026-07-23_ward-wise.html,https://deshgujarat.com/2026/07/23/where-did-it-rain-in-ahmedabad-city-ward-wise-rainfall-data-here/,to 4 pm only
2026-07-23 06:00,2026-07-23 16:00,city,AMC average,95.9,mm,95.9,deshgujarat_2026-07-23_ward-wise.html,https://deshgujarat.com/2026/07/23/where-did-it-rain-in-ahmedabad-city-ward-wise-rainfall-data-here/,to 4 pm only
2026-07-23,2026-07-23,station,Bakrol,14.61,in,371.1,gujaratsamachar_amc-waterlogging-spots.html,https://english.gujaratsamachar.com/news/ahmedabad/ahmedabad-deluged-over-8-inches-of-rain-exposes-amcs-multi-crore-pre-monsoon-claims-as-posh-belts-submerge-73506814338,"period not stated ('Thursday morning through the evening'); article modified 26 Jul, so figures may be later updates. Not comparable with DeshGujarat 06-18 h"
2026-07-23,2026-07-23,station,Sarkhej,14.13,in,358.9,gujaratsamachar_amc-waterlogging-spots.html,https://english.gujaratsamachar.com/news/ahmedabad/ahmedabad-deluged-over-8-inches-of-rain-exposes-amcs-multi-crore-pre-monsoon-claims-as-posh-belts-submerge-73506814338,"period not stated ('Thursday morning through the evening'); article modified 26 Jul, so figures may be later updates. Not comparable with DeshGujarat 06-18 h"
2026-07-23,2026-07-23,station,Bopal,12.72,in,323.1,gujaratsamachar_amc-waterlogging-spots.html,https://english.gujaratsamachar.com/news/ahmedabad/ahmedabad-deluged-over-8-inches-of-rain-exposes-amcs-multi-crore-pre-monsoon-claims-as-posh-belts-submerge-73506814338,"period not stated ('Thursday morning through the evening'); article modified 26 Jul, so figures may be later updates. Not comparable with DeshGujarat 06-18 h"
2026-07-24 06:00,2026-07-25 06:00,city,AMC average,62.81,mm,62.81,deshgujarat_2026-07-25_ward-wise-24h.html,https://deshgujarat.com/2026/07/25/ahmedabad-city-records-upto-3-7-inches-rain-in-24-hours-ward-wise-rainfall-data-here/,"24 h 'till 6 am on Friday' (=24 Jul) but article dated 25 Jul; values are lower than the 23 Jul 06-18 h totals and the pattern is east-heavy, so the window is taken as 24 Jul 06:00 - 25 Jul 06:00. Unconfirmed"
2026-07-24 06:00,2026-07-25 06:00,zone,Central Zone,78.88,mm,78.88,deshgujarat_2026-07-25_ward-wise-24h.html,https://deshgujarat.com/2026/07/25/ahmedabad-city-records-upto-3-7-inches-rain-in-24-hours-ward-wise-rainfall-data-here/,"24 h 'till 6 am on Friday' (=24 Jul) but article dated 25 Jul; values are lower than the 23 Jul 06-18 h totals and the pattern is east-heavy, so the window is taken as 24 Jul 06:00 - 25 Jul 06:00. Unconfirmed"
2026-07-24 06:00,2026-07-25 06:00,zone,North Zone,69.3,mm,69.3,deshgujarat_2026-07-25_ward-wise-24h.html,https://deshgujarat.com/2026/07/25/ahmedabad-city-records-upto-3-7-inches-rain-in-24-hours-ward-wise-rainfall-data-here/,"24 h 'till 6 am on Friday' (=24 Jul) but article dated 25 Jul; values are lower than the 23 Jul 06-18 h totals and the pattern is east-heavy, so the window is taken as 24 Jul 06:00 - 25 Jul 06:00. Unconfirmed"
2026-07-24 06:00,2026-07-25 06:00,zone,East Zone,63.81,mm,63.81,deshgujarat_2026-07-25_ward-wise-24h.html,https://deshgujarat.com/2026/07/25/ahmedabad-city-records-upto-3-7-inches-rain-in-24-hours-ward-wise-rainfall-data-here/,"24 h 'till 6 am on Friday' (=24 Jul) but article dated 25 Jul; values are lower than the 23 Jul 06-18 h totals and the pattern is east-heavy, so the window is taken as 24 Jul 06:00 - 25 Jul 06:00. Unconfirmed"
2026-07-24 06:00,2026-07-25 06:00,zone,North West Zone,63.0,mm,63.0,deshgujarat_2026-07-25_ward-wise-24h.html,https://deshgujarat.com/2026/07/25/ahmedabad-city-records-upto-3-7-inches-rain-in-24-hours-ward-wise-rainfall-data-here/,"24 h 'till 6 am on Friday' (=24 Jul) but article dated 25 Jul; values are lower than the 23 Jul 06-18 h totals and the pattern is east-heavy, so the window is taken as 24 Jul 06:00 - 25 Jul 06:00. Unconfirmed"
2026-07-24 06:00,2026-07-25 06:00,zone,West Zone,58.64,mm,58.64,deshgujarat_2026-07-25_ward-wise-24h.html,https://deshgujarat.com/2026/07/25/ahmedabad-city-records-upto-3-7-inches-rain-in-24-hours-ward-wise-rainfall-data-here/,"24 h 'till 6 am on Friday' (=24 Jul) but article dated 25 Jul; values are lower than the 23 Jul 06-18 h totals and the pattern is east-heavy, so the window is taken as 24 Jul 06:00 - 25 Jul 06:00. Unconfirmed"
2026-07-24 06:00,2026-07-25 06:00,zone,South Zone,54.13,mm,54.13,deshgujarat_2026-07-25_ward-wise-24h.html,https://deshgujarat.com/2026/07/25/ahmedabad-city-records-upto-3-7-inches-rain-in-24-hours-ward-wise-rainfall-data-here/,"24 h 'till 6 am on Friday' (=24 Jul) but article dated 25 Jul; values are lower than the 23 Jul 06-18 h totals and the pattern is east-heavy, so the window is taken as 24 Jul 06:00 - 25 Jul 06:00. Unconfirmed"
2026-07-24 06:00,2026-07-25 06:00,zone,South West Zone,51.93,mm,51.93,deshgujarat_2026-07-25_ward-wise-24h.html,https://deshgujarat.com/2026/07/25/ahmedabad-city-records-upto-3-7-inches-rain-in-24-hours-ward-wise-rainfall-data-here/,"24 h 'till 6 am on Friday' (=24 Jul) but article dated 25 Jul; values are lower than the 23 Jul 06-18 h totals and the pattern is east-heavy, so the window is taken as 24 Jul 06:00 - 25 Jul 06:00. Unconfirmed"
2026-07-24 06:00,2026-07-25 06:00,station,Asarwa,95,mm,95,deshgujarat_2026-07-25_ward-wise-24h.html,https://deshgujarat.com/2026/07/25/ahmedabad-city-records-upto-3-7-inches-rain-in-24-hours-ward-wise-rainfall-data-here/,"24 h 'till 6 am on Friday' (=24 Jul) but article dated 25 Jul; values are lower than the 23 Jul 06-18 h totals and the pattern is east-heavy, so the window is taken as 24 Jul 06:00 - 25 Jul 06:00. Unconfirmed; also given in inches"
2026-07-24 06:00,2026-07-25 06:00,station,Kalupur,85.5,mm,85.5,deshgujarat_2026-07-25_ward-wise-24h.html,https://deshgujarat.com/2026/07/25/ahmedabad-city-records-upto-3-7-inches-rain-in-24-hours-ward-wise-rainfall-data-here/,"24 h 'till 6 am on Friday' (=24 Jul) but article dated 25 Jul; values are lower than the 23 Jul 06-18 h totals and the pattern is east-heavy, so the window is taken as 24 Jul 06:00 - 25 Jul 06:00. Unconfirmed; also given in inches"
2026-07-24 06:00,2026-07-25 06:00,station,Memco,82.5,mm,82.5,deshgujarat_2026-07-25_ward-wise-24h.html,https://deshgujarat.com/2026/07/25/ahmedabad-city-records-upto-3-7-inches-rain-in-24-hours-ward-wise-rainfall-data-here/,"24 h 'till 6 am on Friday' (=24 Jul) but article dated 25 Jul; values are lower than the 23 Jul 06-18 h totals and the pattern is east-heavy, so the window is taken as 24 Jul 06:00 - 25 Jul 06:00. Unconfirmed; also given in inches"
2026-07-24 06:00,2026-07-25 06:00,station,Viratnagar,80,mm,80,deshgujarat_2026-07-25_ward-wise-24h.html,https://deshgujarat.com/2026/07/25/ahmedabad-city-records-upto-3-7-inches-rain-in-24-hours-ward-wise-rainfall-data-here/,"24 h 'till 6 am on Friday' (=24 Jul) but article dated 25 Jul; values are lower than the 23 Jul 06-18 h totals and the pattern is east-heavy, so the window is taken as 24 Jul 06:00 - 25 Jul 06:00. Unconfirmed; also given in inches"
2026-07-24 06:00,2026-07-25 06:00,station,Oganaj,77.5,mm,77.5,deshgujarat_2026-07-25_ward-wise-24h.html,https://deshgujarat.com/2026/07/25/ahmedabad-city-records-upto-3-7-inches-rain-in-24-hours-ward-wise-rainfall-data-here/,"24 h 'till 6 am on Friday' (=24 Jul) but article dated 25 Jul; values are lower than the 23 Jul 06-18 h totals and the pattern is east-heavy, so the window is taken as 24 Jul 06:00 - 25 Jul 06:00. Unconfirmed; also given in inches"
2026-07-24 06:00,2026-07-25 06:00,station,Motera,72.5,mm,72.5,deshgujarat_2026-07-25_ward-wise-24h.html,https://deshgujarat.com/2026/07/25/ahmedabad-city-records-upto-3-7-inches-rain-in-24-hours-ward-wise-rainfall-data-here/,"24 h 'till 6 am on Friday' (=24 Jul) but article dated 25 Jul; values are lower than the 23 Jul 06-18 h totals and the pattern is east-heavy, so the window is taken as 24 Jul 06:00 - 25 Jul 06:00. Unconfirmed; also given in inches"
2026-07-24 06:00,2026-07-25 06:00,station,Chakudia,71,mm,71,deshgujarat_2026-07-25_ward-wise-24h.html,https://deshgujarat.com/2026/07/25/ahmedabad-city-records-upto-3-7-inches-rain-in-24-hours-ward-wise-rainfall-data-here/,"24 h 'till 6 am on Friday' (=24 Jul) but article dated 25 Jul; values are lower than the 23 Jul 06-18 h totals and the pattern is east-heavy, so the window is taken as 24 Jul 06:00 - 25 Jul 06:00. Unconfirmed; also given in inches"
2026-07-24 06:00,2026-07-25 06:00,station,Naroda,70,mm,70,deshgujarat_2026-07-25_ward-wise-24h.html,https://deshgujarat.com/2026/07/25/ahmedabad-city-records-upto-3-7-inches-rain-in-24-hours-ward-wise-rainfall-data-here/,"24 h 'till 6 am on Friday' (=24 Jul) but article dated 25 Jul; values are lower than the 23 Jul 06-18 h totals and the pattern is east-heavy, so the window is taken as 24 Jul 06:00 - 25 Jul 06:00. Unconfirmed; also given in inches"
