rid,reported_as,kind,osm_query,precision,time_ist,source_file,source_url,note,near
R001,Hanumanpura BRTS,brts_station,Hanumanpura,point,2026-07-23 11:50,deshgujarat_2026-07-23_15-locations.html,https://deshgujarat.com/2026/07/23/waterlogging-reported-at-these-15-locations-across-ahmedabad/,AMC list: waterlogging at BRTS station,
R002,Juna Vadaj BRTS,brts_station,Juna Vadaj,point,2026-07-23 11:50,deshgujarat_2026-07-23_15-locations.html,https://deshgujarat.com/2026/07/23/waterlogging-reported-at-these-15-locations-across-ahmedabad/,AMC list: waterlogging at BRTS station,
R003,Manekbaug BRTS,brts_station,Manekbaug,point,2026-07-23 11:50,deshgujarat_2026-07-23_15-locations.html,https://deshgujarat.com/2026/07/23/waterlogging-reported-at-these-15-locations-across-ahmedabad/,AMC list: waterlogging at BRTS station,
R004,Karnavati Club BRTS,brts_station,Karnavati Club,point,2026-07-23 11:50,deshgujarat_2026-07-23_15-locations.html,https://deshgujarat.com/2026/07/23/waterlogging-reported-at-these-15-locations-across-ahmedabad/,AMC list: waterlogging at BRTS station,
R005,Swaminarayan College BRTS,brts_station,Swaminarayan College,point,2026-07-23 11:50,deshgujarat_2026-07-23_15-locations.html,https://deshgujarat.com/2026/07/23/waterlogging-reported-at-these-15-locations-across-ahmedabad/,AMC list: waterlogging at BRTS station,
R006,Chhipa Society BRTS,brts_station,Chhipa,point,2026-07-23 11:50,deshgujarat_2026-07-23_15-locations.html,https://deshgujarat.com/2026/07/23/waterlogging-reported-at-these-15-locations-across-ahmedabad/,AMC list: waterlogging at BRTS station,
R007,Mukesh Industrial BRTS,brts_station,Mukesh,point,2026-07-23 11:50,deshgujarat_2026-07-23_15-locations.html,https://deshgujarat.com/2026/07/23/waterlogging-reported-at-these-15-locations-across-ahmedabad/,AMC list: waterlogging at BRTS station,
R008,Science City Approach BRTS,brts_station,Science City,point,2026-07-23 11:50,deshgujarat_2026-07-23_15-locations.html,https://deshgujarat.com/2026/07/23/waterlogging-reported-at-these-15-locations-across-ahmedabad/,AMC list: waterlogging at BRTS station,
R009,Arvind Mill BRTS,brts_station,Arvind Mill,point,2026-07-23 11:50,deshgujarat_2026-07-23_15-locations.html,https://deshgujarat.com/2026/07/23/waterlogging-reported-at-these-15-locations-across-ahmedabad/,AMC list: waterlogging at BRTS station,
R010,Memnagar BRTS to Jaimangaldas BRTS,brts_corridor,Memnagar,street,2026-07-23 11:50,deshgujarat_2026-07-23_15-locations.html,https://deshgujarat.com/2026/07/23/waterlogging-reported-at-these-15-locations-across-ahmedabad/,corridor; matched at the Memnagar end,
R011,Sarkhej Circle,junction,Sarkhej Circle,point,2026-07-23 11:50,deshgujarat_2026-07-23_15-locations.html,https://deshgujarat.com/2026/07/23/waterlogging-reported-at-these-15-locations-across-ahmedabad/,,
R012,Parshwanath Jain Mandir Service Road,road,Parshwanath,street,2026-07-23 11:50,deshgujarat_2026-07-23_15-locations.html,https://deshgujarat.com/2026/07/23/waterlogging-reported-at-these-15-locations-across-ahmedabad/,exact location unclear,
R013,Akhbarnagar Underpass,underpass,Akhbarnagar Underpass,point,2026-07-23 11:00,deshgujarat_2026-07-23_underpasses-shut.html,https://deshgujarat.com/2026/07/23/several-underpasses-shut-in-ahmedabad/,closed to traffic for waterlogging,
R014,Makarba Underpass,underpass,Makarba,point,2026-07-23 11:00,deshgujarat_2026-07-23_underpasses-shut.html,https://deshgujarat.com/2026/07/23/several-underpasses-shut-in-ahmedabad/,closed to traffic for waterlogging,Makarba
R015,Parimal Underpass,underpass,Parimal Underpass,point,2026-07-23 11:00,deshgujarat_2026-07-23_underpasses-shut.html,https://deshgujarat.com/2026/07/23/several-underpasses-shut-in-ahmedabad/,closed to traffic for waterlogging,
R016,Shahibaug Underpass,underpass,Shahibaug,point,2026-07-23 11:00,deshgujarat_2026-07-23_underpasses-shut.html,https://deshgujarat.com/2026/07/23/several-underpasses-shut-in-ahmedabad/,closed to traffic for waterlogging,
R017,Mithakhali Underpass,underpass,Mithakhali,point,2026-07-23 11:00,deshgujarat_2026-07-23_underpasses-shut.html,https://deshgujarat.com/2026/07/23/several-underpasses-shut-in-ahmedabad/,closed to traffic for waterlogging,
R018,Jalaram Underpass,underpass,Jalaram,point,2026-07-23 11:00,deshgujarat_2026-07-23_underpasses-shut.html,https://deshgujarat.com/2026/07/23/several-underpasses-shut-in-ahmedabad/,closed to traffic for waterlogging,
R019,Nirnaynagar Underpass,underpass,Nirnay,point,2026-07-23 11:00,deshgujarat_2026-07-23_underpasses-shut.html,https://deshgujarat.com/2026/07/23/several-underpasses-shut-in-ahmedabad/,closed to traffic for waterlogging,
R020,Usmanpura Underpass,underpass,Usmanpura,point,2026-07-23 20:33,gujaratsamachar_2026-07-23_live-updates.html,https://english.gujaratsamachar.com/news/ahmedabad/ahmedabads-life-comes-to-a-standstill-as-torrential-rains-pound-city-sarkhej-records-highest-rainfall-81165287700,closed to traffic for waterlogging,
R021,Kubernagar Underpass,underpass,Kubernagar,point,2026-07-23,gujaratsamachar_2026-07-23_live-updates.html,https://english.gujaratsamachar.com/news/ahmedabad/ahmedabads-life-comes-to-a-standstill-as-torrential-rains-pound-city-sarkhej-records-highest-rainfall-81165287700,closed to traffic for waterlogging,
R022,"Daxini Underpass, Maninagar",underpass,Dakshini,point,2026-07-23 20:15,gujaratsamachar_2026-07-23_live-updates.html,https://english.gujaratsamachar.com/news/ahmedabad/ahmedabads-life-comes-to-a-standstill-as-torrential-rains-pound-city-sarkhej-records-highest-rainfall-81165287700,closed to traffic for waterlogging,Maninagar
R023,Kaligaam underpass,underpass,Kali,point,2026-07-23 21:20,gujaratsamachar_2026-07-23_live-updates.html,https://english.gujaratsamachar.com/news/ahmedabad/ahmedabads-life-comes-to-a-standstill-as-torrential-rains-pound-city-sarkhej-records-highest-rainfall-81165287700,closed to traffic for waterlogging,
R024,LC-20 Vastrapur,underpass,Vastrapur,point,2026-07-23,gujaratsamachar_2026-07-23_live-updates.html,https://english.gujaratsamachar.com/news/ahmedabad/ahmedabads-life-comes-to-a-standstill-as-torrential-rains-pound-city-sarkhej-records-highest-rainfall-81165287700,closed to traffic for waterlogging,Vastrapur
R025,LC-22 Vejalpur,underpass,Vejalpur,point,2026-07-23 21:25,gujaratsamachar_2026-07-23_live-updates.html,https://english.gujaratsamachar.com/news/ahmedabad/ahmedabads-life-comes-to-a-standstill-as-torrential-rains-pound-city-sarkhej-records-highest-rainfall-81165287700,closed to traffic for waterlogging,Vejalpur
R026,LC 1C Chandkheda,underpass,Chandkheda,point,2026-07-23 21:06,gujaratsamachar_2026-07-23_live-updates.html,https://english.gujaratsamachar.com/news/ahmedabad/ahmedabads-life-comes-to-a-standstill-as-torrential-rains-pound-city-sarkhej-records-highest-rainfall-81165287700,closed to traffic for waterlogging,Chandkheda
R027,LC 03 Chandkheda,underpass,Chandkheda,point,2026-07-23 20:00,gujaratsamachar_2026-07-23_live-updates.html,https://english.gujaratsamachar.com/news/ahmedabad/ahmedabads-life-comes-to-a-standstill-as-torrential-rains-pound-city-sarkhej-records-highest-rainfall-81165287700,closed to traffic for waterlogging,Chandkheda
R028,GST Ranip underpass,underpass,GST,point,2026-07-23 21:40,gujaratsamachar_2026-07-23_live-updates.html,https://english.gujaratsamachar.com/news/ahmedabad/ahmedabads-life-comes-to-a-standstill-as-torrential-rains-pound-city-sarkhej-records-highest-rainfall-81165287700,closed to traffic for waterlogging,Ranip
R029,Bopal Gam BRTS,brts_station,Bopal Gam,point,2026-07-23,gujaratsamachar_amc-waterlogging-spots.html,https://english.gujaratsamachar.com/news/ahmedabad/ahmedabad-deluged-over-8-inches-of-rain-exposes-amcs-multi-crore-pre-monsoon-claims-as-posh-belts-submerge-73506814338,BRTS operations suspended: water on platforms,
R030,Little Wing BRTS,brts_station,Little Wing,point,2026-07-23,gujaratsamachar_amc-waterlogging-spots.html,https://english.gujaratsamachar.com/news/ahmedabad/ahmedabad-deluged-over-8-inches-of-rain-exposes-amcs-multi-crore-pre-monsoon-claims-as-posh-belts-submerge-73506814338,BRTS operations suspended: water on platforms,
R031,Ghuma Gam BRTS,brts_station,Ghuma,point,2026-07-23,gujaratsamachar_amc-waterlogging-spots.html,https://english.gujaratsamachar.com/news/ahmedabad/ahmedabad-deluged-over-8-inches-of-rain-exposes-amcs-multi-crore-pre-monsoon-claims-as-posh-belts-submerge-73506814338,BRTS operations suspended: water on platforms,
R032,Chitavan to SoBo Center BRTS,brts_station,SoBo,point,2026-07-23,gujaratsamachar_amc-waterlogging-spots.html,https://english.gujaratsamachar.com/news/ahmedabad/ahmedabad-deluged-over-8-inches-of-rain-exposes-amcs-multi-crore-pre-monsoon-claims-as-posh-belts-submerge-73506814338,BRTS operations suspended: water on platforms,South Bopal
R033,Odhav Fire Station BRTS,brts_station,Odhav Fire,point,2026-07-23,gujaratsamachar_amc-waterlogging-spots.html,https://english.gujaratsamachar.com/news/ahmedabad/ahmedabad-deluged-over-8-inches-of-rain-exposes-amcs-multi-crore-pre-monsoon-claims-as-posh-belts-submerge-73506814338,BRTS operations suspended: water on platforms,
R034,Chhotalal ni Chali BRTS,brts_station,Chhotalal,point,2026-07-23,gujaratsamachar_amc-waterlogging-spots.html,https://english.gujaratsamachar.com/news/ahmedabad/ahmedabad-deluged-over-8-inches-of-rain-exposes-amcs-multi-crore-pre-monsoon-claims-as-posh-belts-submerge-73506814338,BRTS operations suspended: water on platforms,
R035,Soma Textile BRTS,brts_station,Soma Textile,point,2026-07-23,gujaratsamachar_amc-waterlogging-spots.html,https://english.gujaratsamachar.com/news/ahmedabad/ahmedabad-deluged-over-8-inches-of-rain-exposes-amcs-multi-crore-pre-monsoon-claims-as-posh-belts-submerge-73506814338,BRTS operations suspended: water on platforms,
R036,"Sterling City, Bopal",residential,Sterling City,point,2026-07-23,gujaratsamachar_amc-waterlogging-spots.html,https://english.gujaratsamachar.com/news/ahmedabad/ahmedabad-deluged-over-8-inches-of-rain-exposes-amcs-multi-crore-pre-monsoon-claims-as-posh-belts-submerge-73506814338,worst-affected residential zone,Bopal
R037,"Housing near F.D. School, Juhapura",residential,F.D.,point,2026-07-23,gujaratsamachar_amc-waterlogging-spots.html,https://english.gujaratsamachar.com/news/ahmedabad/ahmedabad-deluged-over-8-inches-of-rain-exposes-amcs-multi-crore-pre-monsoon-claims-as-posh-belts-submerge-73506814338,,Juhapura
R038,"School campus, Makarba (40 children rescued)",incident,Makarba,locality,2026-07-23,gujaratsamachar_amc-waterlogging-spots.html,https://english.gujaratsamachar.com/news/ahmedabad/ahmedabad-deluged-over-8-inches-of-rain-exposes-amcs-multi-crore-pre-monsoon-claims-as-posh-belts-submerge-73506814338,school not named,Makarba
R039,Tekri area by Gota crematorium (3 boys rescued),incident,Gota crematorium,point,2026-07-23,gujaratsamachar_amc-waterlogging-spots.html,https://english.gujaratsamachar.com/news/ahmedabad/ahmedabad-deluged-over-8-inches-of-rain-exposes-amcs-multi-crore-pre-monsoon-claims-as-posh-belts-submerge-73506814338,,Gota
R040,"Khodiyar temple lake wall, Bopal (water swept 3 cars)",incident,Khodiyar,point,2026-07-23,gujaratsamachar_amc-waterlogging-spots.html,https://english.gujaratsamachar.com/news/ahmedabad/ahmedabad-deluged-over-8-inches-of-rain-exposes-amcs-multi-crore-pre-monsoon-claims-as-posh-belts-submerge-73506814338,,Bopal
R041,"AEC Bridge (deep water, gridlock)",road,AEC,point,2026-07-23,gujaratsamachar_amc-waterlogging-spots.html,https://english.gujaratsamachar.com/news/ahmedabad/ahmedabad-deluged-over-8-inches-of-rain-exposes-amcs-multi-crore-pre-monsoon-claims-as-posh-belts-submerge-73506814338,,
R042,"Palladium Mall bridge, SG Road (buses stalled)",road,Palladium Mall,point,2026-07-23,gujaratsamachar_2026-07-23_live-updates.html,https://english.gujaratsamachar.com/news/ahmedabad/ahmedabads-life-comes-to-a-standstill-as-torrential-rains-pound-city-sarkhej-records-highest-rainfall-81165287700,,
R043,"Bakery City, Vejalpur (school bus stranded)",incident,Bakery City,point,2026-07-23,gujaratsamachar_2026-07-23_live-updates.html,https://english.gujaratsamachar.com/news/ahmedabad/ahmedabads-life-comes-to-a-standstill-as-torrential-rains-pound-city-sarkhej-records-highest-rainfall-81165287700,,Vejalpur
R044,"Harivilla Flats, Gota",residential,Harivilla,point,2026-07-23,deshgujarat_2026-07-23_43-societies.html,https://deshgujarat.com/2026/07/23/43-housing-societies-66-areas-are-waterlogged-in-ahmedabad-due-to-heavy-rain/,AMC list of societies reporting waterlogging,Gota
R045,"Someshwar Complex, Chandlodia",residential,Someshwar,point,2026-07-23,deshgujarat_2026-07-23_43-societies.html,https://deshgujarat.com/2026/07/23/43-housing-societies-66-areas-are-waterlogged-in-ahmedabad-due-to-heavy-rain/,AMC list of societies reporting waterlogging,Chandlodia
R046,Ashok Bungalow near Vaishno Devi Circle,residential,Vaishno Devi,point,2026-07-23,deshgujarat_2026-07-23_43-societies.html,https://deshgujarat.com/2026/07/23/43-housing-societies-66-areas-are-waterlogged-in-ahmedabad-due-to-heavy-rain/,AMC list of societies reporting waterlogging,
R047,"Sursagar Flats, Rajwadi Estate, Juhapura",residential,Sursagar,point,2026-07-23,deshgujarat_2026-07-23_43-societies.html,https://deshgujarat.com/2026/07/23/43-housing-societies-66-areas-are-waterlogged-in-ahmedabad-due-to-heavy-rain/,AMC list of societies reporting waterlogging,Juhapura
R048,Bopal,locality,Bopal,locality,2026-07-23,gujaratsamachar_amc-waterlogging-spots.html,https://english.gujaratsamachar.com/news/ahmedabad/ahmedabad-deluged-over-8-inches-of-rain-exposes-amcs-multi-crore-pre-monsoon-claims-as-posh-belts-submerge-73506814338,listed as submerged,
R049,Shela,locality,Shela,locality,2026-07-23,gujaratsamachar_amc-waterlogging-spots.html,https://english.gujaratsamachar.com/news/ahmedabad/ahmedabad-deluged-over-8-inches-of-rain-exposes-amcs-multi-crore-pre-monsoon-claims-as-posh-belts-submerge-73506814338,listed as submerged,
R050,Sarkhej,locality,Sarkhej,locality,2026-07-23,gujaratsamachar_amc-waterlogging-spots.html,https://english.gujaratsamachar.com/news/ahmedabad/ahmedabad-deluged-over-8-inches-of-rain-exposes-amcs-multi-crore-pre-monsoon-claims-as-posh-belts-submerge-73506814338,listed as submerged,
R051,Vejalpur,locality,Vejalpur,locality,2026-07-23,gujaratsamachar_amc-waterlogging-spots.html,https://english.gujaratsamachar.com/news/ahmedabad/ahmedabad-deluged-over-8-inches-of-rain-exposes-amcs-multi-crore-pre-monsoon-claims-as-posh-belts-submerge-73506814338,listed as submerged,
R052,Jodhpur,locality,Jodhpur,locality,2026-07-23,gujaratsamachar_amc-waterlogging-spots.html,https://english.gujaratsamachar.com/news/ahmedabad/ahmedabad-deluged-over-8-inches-of-rain-exposes-amcs-multi-crore-pre-monsoon-claims-as-posh-belts-submerge-73506814338,listed as submerged,
R053,SG Highway,locality,SG Highway,locality,2026-07-23,gujaratsamachar_amc-waterlogging-spots.html,https://english.gujaratsamachar.com/news/ahmedabad/ahmedabad-deluged-over-8-inches-of-rain-exposes-amcs-multi-crore-pre-monsoon-claims-as-posh-belts-submerge-73506814338,listed as submerged,
R054,Prahladnagar,locality,Prahladnagar,locality,2026-07-23,gujaratsamachar_amc-waterlogging-spots.html,https://english.gujaratsamachar.com/news/ahmedabad/ahmedabad-deluged-over-8-inches-of-rain-exposes-amcs-multi-crore-pre-monsoon-claims-as-posh-belts-submerge-73506814338,listed as submerged,
R055,Vastrapur,locality,Vastrapur,locality,2026-07-23,gujaratsamachar_amc-waterlogging-spots.html,https://english.gujaratsamachar.com/news/ahmedabad/ahmedabad-deluged-over-8-inches-of-rain-exposes-amcs-multi-crore-pre-monsoon-claims-as-posh-belts-submerge-73506814338,listed as submerged,
R056,Naranpura,locality,Naranpura,locality,2026-07-23,gujaratsamachar_amc-waterlogging-spots.html,https://english.gujaratsamachar.com/news/ahmedabad/ahmedabad-deluged-over-8-inches-of-rain-exposes-amcs-multi-crore-pre-monsoon-claims-as-posh-belts-submerge-73506814338,listed as submerged,
R057,Paldi,locality,Paldi,locality,2026-07-23,gujaratsamachar_amc-waterlogging-spots.html,https://english.gujaratsamachar.com/news/ahmedabad/ahmedabad-deluged-over-8-inches-of-rain-exposes-amcs-multi-crore-pre-monsoon-claims-as-posh-belts-submerge-73506814338,listed as submerged,
R058,Nikol,locality,Nikol,locality,2026-07-23,gujaratsamachar_amc-waterlogging-spots.html,https://english.gujaratsamachar.com/news/ahmedabad/ahmedabad-deluged-over-8-inches-of-rain-exposes-amcs-multi-crore-pre-monsoon-claims-as-posh-belts-submerge-73506814338,knee-deep waterlogging on roads,
R059,Ramol,locality,Ramol,locality,2026-07-23,gujaratsamachar_amc-waterlogging-spots.html,https://english.gujaratsamachar.com/news/ahmedabad/ahmedabad-deluged-over-8-inches-of-rain-exposes-amcs-multi-crore-pre-monsoon-claims-as-posh-belts-submerge-73506814338,knee-deep waterlogging on roads,
R060,Vastral,locality,Vastral,locality,2026-07-23,gujaratsamachar_amc-waterlogging-spots.html,https://english.gujaratsamachar.com/news/ahmedabad/ahmedabad-deluged-over-8-inches-of-rain-exposes-amcs-multi-crore-pre-monsoon-claims-as-posh-belts-submerge-73506814338,knee-deep waterlogging on roads,
R061,Maninagar,locality,Maninagar,locality,2026-07-23,gujaratsamachar_amc-waterlogging-spots.html,https://english.gujaratsamachar.com/news/ahmedabad/ahmedabad-deluged-over-8-inches-of-rain-exposes-amcs-multi-crore-pre-monsoon-claims-as-posh-belts-submerge-73506814338,knee-deep waterlogging on roads,
R062,CTM,locality,CTM,locality,2026-07-23,gujaratsamachar_amc-waterlogging-spots.html,https://english.gujaratsamachar.com/news/ahmedabad/ahmedabad-deluged-over-8-inches-of-rain-exposes-amcs-multi-crore-pre-monsoon-claims-as-posh-belts-submerge-73506814338,knee-deep waterlogging on roads,
R063,Isanpur,locality,Isanpur,locality,2026-07-23,gujaratsamachar_amc-waterlogging-spots.html,https://english.gujaratsamachar.com/news/ahmedabad/ahmedabad-deluged-over-8-inches-of-rain-exposes-amcs-multi-crore-pre-monsoon-claims-as-posh-belts-submerge-73506814338,knee-deep waterlogging on roads,
R064,Naroda,locality,Naroda,locality,2026-07-23,gujaratsamachar_amc-waterlogging-spots.html,https://english.gujaratsamachar.com/news/ahmedabad/ahmedabad-deluged-over-8-inches-of-rain-exposes-amcs-multi-crore-pre-monsoon-claims-as-posh-belts-submerge-73506814338,knee-deep waterlogging on roads,
R065,Dastan,locality,Dastan,locality,2026-07-23,gujaratsamachar_amc-waterlogging-spots.html,https://english.gujaratsamachar.com/news/ahmedabad/ahmedabad-deluged-over-8-inches-of-rain-exposes-amcs-multi-crore-pre-monsoon-claims-as-posh-belts-submerge-73506814338,knee-deep waterlogging on roads,
R066,Bopal-Ghuma-Shela belt,locality,Ghuma,locality,2026-07-25,deshgujarat_2026-07-25_societies-cleared.html,https://deshgujarat.com/2026/07/25/rainwater-cleared-from-107-of-126-waterlogged-societies-in-ahmedabad-amc/,AMC: among worst affected,
R067,Thaltej,local_account,Thaltej,locality,2026-07-23,,,author's local account; unscored until a published source is found,
R068,Naranpura,local_account,Naranpura,locality,2026-07-23,,,author's local account; unscored until a published source is found,
R069,Areas under metro stations,local_account,Areas under metro stations,locality,2026-07-23,,,author's local account; unscored until a published source is found,
R070,Bopal side,local_account,Bopal side,locality,2026-07-23,,,author's local account; unscored until a published source is found,
